supplier,avg_cost,avg_delivery_days,avg_quality_issues,compliance_rate
Supplier_A,555.4398406374501,5.46613545816733,1.4462151394422311,0.4860557768924303
Supplier_B,525.4419008264459,5.3884297520661155,1.487603305785124,0.5082644628099173
Supplier_C,556.6088260869565,5.647826086956521,1.5695652173913044,0.43478260869565216
Supplier_D,582.579891696751,5.5703971119133575,1.5054151624548737,0.44765342960288806
