supplier,avg_cost,avg_delivery_days,avg_quality_issues,compliance_rate,cost_score,delivery_score,quality_score,compliance_score,final_score
Supplier_B,525.4419008264459,5.388429752066116,1.487603305785124,0.5082644628099173,0.0,0.0,0.33553417258463725,0.5082644628099173,0.8837196117640642
Supplier_A,555.4398406374501,5.46613545816733,1.4462151394422311,0.4860557768924303,0.525008656308815,0.29956362388098157,0.0,0.4860557768924303,0.6487330280014226
Supplier_D,582.579891696751,5.5703971119133575,1.5054151624548735,0.447653429602888,1.0,0.7015032032897537,0.4799350271759373,0.447653429602888,0.23832737653817523
Supplier_C,556.6088260869565,5.647826086956521,1.5695652173913044,0.4347826086956521,0.5454676439578527,1.0,1.0,0.4347826086956521,0.22529120328642413
